{"cameraMode":{"drawMode":0,"name":"Shaded","section":"Shading Mode"},"sceneLighting":true,"audioPlay":false,"sceneViewState":{"showFog":true,"showMaterialUpdate":false,"showSkybox":true,"showFlares":true,"showImageEffects":true,"showParticleSystems":true},"in2DMode":false,"pivot":{"x":10.483295440673829,"y":-9.93093490600586,"z":13.441276550292969},"rotation":{"x":-0.20142227411270142,"y":0.0005848567234352231,"z":-0.00012031122605549172,"w":-0.979505181312561},"size":91.5172348022461,"orthographic":false}