{"cameraMode":{"drawMode":0,"name":"Shaded","section":"Shading Mode"},"sceneLighting":true,"audioPlay":false,"sceneViewState":{"showFog":true,"showMaterialUpdate":false,"showSkybox":true,"showFlares":true,"showImageEffects":true,"showParticleSystems":true},"in2DMode":false,"pivot":{"x":6.165111064910889,"y":7.604434967041016,"z":-18.105430603027345},"rotation":{"x":-0.19848184287548066,"y":0.0035252238158136608,"z":-0.000714061432518065,"w":-0.9801018834114075},"size":73.46469116210938,"orthographic":false}