{"cameraMode":{"drawMode":0,"name":"Shaded","section":"Shading Mode"},"sceneLighting":false,"audioPlay":false,"sceneViewState":{"showFog":true,"showMaterialUpdate":false,"showSkybox":false,"showFlares":true,"showImageEffects":true,"showParticleSystems":true},"in2DMode":false,"pivot":{"x":546.7958374023438,"y":210.75473022460938,"z":-4.78338623046875},"rotation":{"x":-0.024306997656822206,"y":0.000596633180975914,"z":-0.000014702047337777913,"w":-0.9997079968452454},"size":1913.2015380859375,"orthographic":false}