{"cameraMode":{"drawMode":0,"name":"Shaded","section":"Shading Mode"},"sceneLighting":true,"audioPlay":false,"sceneViewState":{"showFog":true,"showMaterialUpdate":false,"showSkybox":true,"showFlares":true,"showImageEffects":true,"showParticleSystems":true},"in2DMode":false,"pivot":{"x":7.358066082000732,"y":-1.8868331909179688,"z":-5.8906097412109379},"rotation":{"x":-0.35256490111351015,"y":-0.0008452586480416358,"z":0.00031829558429308236,"w":-0.9357908368110657},"size":84.5588607788086,"orthographic":false}